{
	"months": [
		"يناير",
		"فبراير",
		"مارس",
		"أبريل",
		"مايو",
		"يونيو",
		"يوليو",
		"أغسطس",
		"سبتمبر",
		"أكتوبر",
		"نوفمبر",
		"ديسمبر"
	],
	"monthsShort": [
		"يناير",
		"فبراير",
		"مارس",
		"أبريل",
		"مايو",
		"يونيو",
		"يوليو",
		"أغسطس",
		"سبتمبر",
		"أكتوبر",
		"نوفمبر",
		"ديسمبر"
	],
	"weekdays": [
		"الأحد",
		"الإثنين",
		"الثلاثاء",
		"الأربعاء",
		"الخميس",
		"الجمعة",
		"السبت"
	],
	"weekdaysShort": [
		"أحد",
		"إثنين",
		"ثلاثاء",
		"أربعاء",
		"خميس",
		"جمعة",
		"سبت"
	],
	"weekdaysMin": [
		"أحد",
		"إثنين",
		"ثلاثاء",
		"أربعاء",
		"خميس",
		"جمعة",
		"سبت"
	],
	"longDateFormat": {
		"LT": "HH:mm",
		"LTS": "HH:mm:ss",
		"L": "D/\u200FM/\u200FYYYY",
		"LL": "D MMMM YYYY",
		"LLL": "D MMMM YYYY HH:mm",
		"LLLL": "dddd D MMMM YYYY HH:mm",
		"l": "D/\u200FM/\u200FYYYY",
		"ll": "D MMM YYYY",
		"lll": "D MMM YYYY HH:mm",
		"llll": "ddd D MMM YYYY HH:mm"
	},
	"meridiem": [
		{
			"startFrom": 0,
			"lowerCase": "ص",
			"upperCase": "ص"
		},
		{
			"startFrom": 1200,
			"lowerCase": "م",
			"upperCase": "م"
		}
	],
	"week": {
		"dow": 6,
		"doy": 12
	}
}