{
	"name": "Merriweather",
	"faces": [
		{
			"name": "Light",
			"weight": 300,
			"style": "normal",
			"assetId": "rbxassetid://8075184168"
		},
		{
			"name": "Light Italic",
			"weight": 300,
			"style": "italic",
			"assetId": "rbxassetid://8075185123"
		},
		{
			"name": "Regular",
			"weight": 400,
			"style": "normal",
			"assetId": "rbxasset://fonts/Merriweather-Regular.ttf"
		},
		{
			"name": "Italic",
			"weight": 400,
			"style": "italic",
			"assetId": "rbxasset://fonts/Merriweather-Italic.ttf"
		},
		{
			"name": "Bold",
			"weight": 700,
			"style": "normal",
			"assetId": "rbxassetid://8075182406"
		},
		{
			"name": "Bold Italic",
			"weight": 700,
			"style": "italic",
			"assetId": "rbxassetid://8075183147"
		},
		{
			"name": "Black",
			"weight": 900,
			"style": "normal",
			"assetId": "rbxassetid://8075179098"
		},
		{
			"name": "Black Italic",
			"weight": 900,
			"style": "italic",
			"assetId": "rbxassetid://8075181261"
		}
	]
}
