{
	"name": "Nunito",
	"faces": [
		{
			"name": "Extra Light",
			"weight": 200,
			"style": "normal",
			"assetId": "rbxassetid://8075194140"
		},
		{
			"name": "Extra Light Italic",
			"weight": 200,
			"style": "italic",
			"assetId": "rbxassetid://8075197713"
		},
		{
			"name": "Light",
			"weight": 300,
			"style": "normal",
			"assetId": "rbxassetid://8075203475"
		},
		{
			"name": "Light Italic",
			"weight": 300,
			"style": "italic",
			"assetId": "rbxassetid://8075204633"
		},
		{
			"name": "Regular",
			"weight": 400,
			"style": "normal",
			"assetId": "rbxasset://fonts/Nunito-Regular.ttf"
		},
		{
			"name": "Italic",
			"weight": 400,
			"style": "italic",
			"assetId": "rbxassetid://8075202496"
		},
		{
			"name": "Semi Bold",
			"weight": 600,
			"style": "normal",
			"assetId": "rbxassetid://8075206156"
		},
		{
			"name": "Semi Bold Italic",
			"weight": 600,
			"style": "italic",
			"assetId": "rbxassetid://8075207679"
		},
		{
			"name": "Bold",
			"weight": 700,
			"style": "normal",
			"assetId": "rbxassetid://8075189006"
		},
		{
			"name": "Bold Italic",
			"weight": 700,
			"style": "italic",
			"assetId": "rbxassetid://8075190657"
		},
		{
			"name": "Extra Bold",
			"weight": 800,
			"style": "normal",
			"assetId": "rbxassetid://8075191639"
		},
		{
			"name": "Extra Bold Italic",
			"weight": 800,
			"style": "italic",
			"assetId": "rbxassetid://8075193085"
		},
		{
			"name": "Black",
			"weight": 900,
			"style": "normal",
			"assetId": "rbxassetid://8075186391"
		},
		{
			"name": "Black Italic",
			"weight": 900,
			"style": "italic",
			"assetId": "rbxassetid://8075188191"
		}
	]
}
