{
	"name": "Ubuntu",
	"faces": [
		{
			"name": "Light",
			"weight": 300,
			"style": "normal",
			"assetId": "rbxassetid://8075267523"
		},
		{
			"name": "Light Italic",
			"weight": 300,
			"style": "italic",
			"assetId": "rbxassetid://8075268457"
		},
		{
			"name": "Regular",
			"weight": 400,
			"style": "normal",
			"assetId": "rbxasset://fonts/Ubuntu-Regular.ttf"
		},
		{
			"name": "Italic",
			"weight": 400,
			"style": "italic",
			"assetId": "rbxasset://fonts/Ubuntu-Italic.ttf"
		},
		{
			"name": "Medium",
			"weight": 500,
			"style": "normal",
			"assetId": "rbxassetid://8075269680"
		},
		{
			"name": "Medium Italic",
			"weight": 500,
			"style": "italic",
			"assetId": "rbxassetid://8075270634"
		},
		{
			"name": "Bold",
			"weight": 700,
			"style": "normal",
			"assetId": "rbxassetid://8075264808"
		},
		{
			"name": "Bold Italic",
			"weight": 700,
			"style": "italic",
			"assetId": "rbxassetid://8075265549"
		}
	]
}
